{"cameraMode":{"drawMode":0,"name":"Shaded","section":"Shading Mode"},"sceneLighting":true,"audioPlay":false,"sceneViewState":{"showFog":true,"showMaterialUpdate":false,"showSkybox":true,"showFlares":true,"showImageEffects":true,"showParticleSystems":true,"showVisualEffectGraphs":true,"m_FxEnabled":true},"in2DMode":false,"pivot":{"x":0.2469402253627777,"y":9.56301498413086,"z":-1.6092939376831055},"rotation":{"x":-0.6909575462341309,"y":0.004405463580042124,"z":-0.0042150504887104038,"w":-0.7229002118110657},"size":10.276784896850586,"orthographic":false}