{"cameraMode":{"drawMode":0,"name":"Shaded","section":"Shading Mode"},"sceneLighting":true,"audioPlay":false,"sceneViewState":{"showFog":true,"showMaterialUpdate":false,"showSkybox":true,"showFlares":true,"showImageEffects":true,"showParticleSystems":true,"showVisualEffectGraphs":true,"m_FxEnabled":true},"in2DMode":false,"pivot":{"x":25.138608932495118,"y":0.6313695907592773,"z":3.4867610931396486},"rotation":{"x":-0.7123159170150757,"y":-0.006251656915992498,"z":0.006338892970234156,"w":-0.7018352150917053},"size":20.635244369506837,"orthographic":false}