{"cameraMode":{"drawMode":0,"name":"Shaded","section":"Shading Mode"},"sceneLighting":true,"audioPlay":false,"sceneViewState":{"showFog":true,"showMaterialUpdate":false,"showSkybox":true,"showFlares":true,"showImageEffects":true,"showParticleSystems":true,"showVisualEffectGraphs":true,"m_FxEnabled":true},"in2DMode":false,"pivot":{"x":574.2655029296875,"y":391.5863037109375,"z":478.6424560546875},"rotation":{"x":0.03230389952659607,"y":0.000994688249193132,"z":-0.000030677310860482976,"w":0.9994856715202332},"size":941.2265014648438,"orthographic":false}