{"cameraMode":{"drawMode":0,"name":"Shaded","section":"Shading Mode"},"sceneLighting":true,"audioPlay":false,"sceneViewState":{"showFog":true,"showMaterialUpdate":false,"showSkybox":true,"showFlares":true,"showImageEffects":true,"showParticleSystems":true,"showVisualEffectGraphs":true,"m_FxEnabled":true},"in2DMode":false,"pivot":{"x":1.5199999809265137,"y":1.2795002460479737,"z":-8.11320686340332},"rotation":{"x":-0.1279487907886505,"y":0.012988264672458172,"z":-0.0016799391014501453,"w":-0.9917126893997192},"size":4.771764278411865,"orthographic":false}