{"cameraMode":{"drawMode":0,"name":"Shaded","section":"Shading Mode"},"sceneLighting":true,"audioPlay":false,"sceneViewState":{"showFog":true,"showMaterialUpdate":false,"showSkybox":true,"showFlares":true,"showImageEffects":true,"showParticleSystems":true,"showVisualEffectGraphs":true,"m_FxEnabled":true},"in2DMode":false,"pivot":{"x":2.0799999237060549,"y":1.2795002460479737,"z":-6.01320743560791},"rotation":{"x":-0.1279487907886505,"y":0.012988264672458172,"z":-0.0016799391014501453,"w":-0.9917126893997192},"size":4.913084030151367,"orthographic":false}