{"cameraMode":{"drawMode":0,"name":"Shaded","section":"Shading Mode"},"sceneLighting":true,"audioPlay":false,"sceneViewState":{"showFog":true,"showMaterialUpdate":false,"showSkybox":true,"showFlares":true,"showImageEffects":true,"showParticleSystems":true,"showVisualEffectGraphs":true,"m_FxEnabled":true},"in2DMode":false,"pivot":{"x":0.7715214490890503,"y":1.2795002460479737,"z":-8.883207321166993},"rotation":{"x":-0.40713611245155337,"y":-0.004021834582090378,"z":0.0017919032834470273,"w":-0.9133845567703247},"size":6.893869400024414,"orthographic":false}