{"cameraMode":{"drawMode":0,"name":"Shaded","section":"Shading Mode"},"sceneLighting":true,"audioPlay":false,"sceneViewState":{"showFog":true,"showMaterialUpdate":false,"showSkybox":true,"showFlares":true,"showImageEffects":true,"showParticleSystems":true,"showVisualEffectGraphs":true,"m_FxEnabled":true},"in2DMode":false,"pivot":{"x":4.349999904632568,"y":0.5897899866104126,"z":-2.5508999824523927},"rotation":{"x":-0.40713611245155337,"y":-0.004021834582090378,"z":0.0017919032834470273,"w":-0.9133845567703247},"size":2.6153793334960939,"orthographic":false}