{"cameraMode":{"drawMode":0,"name":"Shaded","section":"Shading Mode"},"sceneLighting":true,"audioPlay":false,"sceneViewState":{"showFog":true,"showMaterialUpdate":false,"showSkybox":true,"showFlares":true,"showImageEffects":true,"showParticleSystems":true,"showVisualEffectGraphs":true,"m_FxEnabled":true},"in2DMode":false,"pivot":{"x":3.8486762046813967,"y":-0.29878243803977969,"z":3.1596996784210207},"rotation":{"x":-0.09848444163799286,"y":0.2264239490032196,"z":-0.023018257692456247,"w":-0.9687894582748413},"size":5.006870269775391,"orthographic":false}