{"cameraMode":{"drawMode":0,"name":"Shaded","section":"Shading Mode"},"sceneLighting":true,"audioPlay":false,"sceneViewState":{"showFog":true,"showMaterialUpdate":false,"showSkybox":true,"showFlares":true,"showImageEffects":true,"showParticleSystems":true,"showVisualEffectGraphs":true,"m_FxEnabled":true},"in2DMode":false,"pivot":{"x":3.080512762069702,"y":0.8138442039489746,"z":-8.454954147338868},"rotation":{"x":-0.7123159170150757,"y":-0.006251656915992498,"z":0.006338892970234156,"w":-0.7018352150917053},"size":22.142221450805665,"orthographic":false}