{"cameraMode":{"drawMode":0,"name":"Shaded","section":"Shading Mode"},"sceneLighting":true,"audioPlay":false,"sceneViewState":{"showFog":true,"showMaterialUpdate":false,"showSkybox":true,"showFlares":true,"showImageEffects":true,"showParticleSystems":true,"showVisualEffectGraphs":true,"m_FxEnabled":true},"in2DMode":false,"pivot":{"x":-4.1384782791137699,"y":0.8015003204345703,"z":-7.503208160400391},"rotation":{"x":-0.7123159170150757,"y":-0.006251656915992498,"z":0.006338892970234156,"w":-0.7018352150917053},"size":4.493867874145508,"orthographic":false}