{"cameraMode":{"drawMode":0,"name":"Shaded","section":"Shading Mode"},"sceneLighting":true,"audioPlay":false,"sceneViewState":{"showFog":true,"showMaterialUpdate":false,"showSkybox":true,"showFlares":true,"showImageEffects":true,"showParticleSystems":true,"showVisualEffectGraphs":true,"m_FxEnabled":true},"in2DMode":false,"pivot":{"x":0.00004677381366491318,"y":-0.005002498626708984,"z":-0.005085647106170654},"rotation":{"x":-0.38648131489753725,"y":0.004239272326231003,"z":-0.001778105739504099,"w":-0.922307550907135},"size":7.447192192077637,"orthographic":false}