{"cameraMode":{"drawMode":0,"name":"Shaded","section":"Shading Mode"},"sceneLighting":true,"audioPlay":false,"sceneViewState":{"showFog":true,"showMaterialUpdate":false,"showSkybox":true,"showFlares":true,"showImageEffects":true,"showParticleSystems":true,"showVisualEffectGraphs":true,"m_FxEnabled":true},"in2DMode":false,"pivot":{"x":1.1534291505813599,"y":-8.207225799560547,"z":1.9842777252197266},"rotation":{"x":-0.40713611245155337,"y":-0.004021834582090378,"z":0.0017919032834470273,"w":-0.9133845567703247},"size":15.992010116577149,"orthographic":false}