{"cameraMode":{"drawMode":0,"name":"Shaded","section":"Shading Mode"},"sceneLighting":true,"audioPlay":false,"sceneViewState":{"showFog":true,"showMaterialUpdate":false,"showSkybox":true,"showFlares":true,"showImageEffects":true,"showParticleSystems":true,"showVisualEffectGraphs":true,"m_FxEnabled":true},"in2DMode":false,"pivot":{"x":1.5199999809265137,"y":1.2795002460479737,"z":-8.11320686340332},"rotation":{"x":-0.16351914405822755,"y":-0.025552822276949884,"z":0.0042325351387262348,"w":-0.9862185716629028},"size":4.60867166519165,"orthographic":true}